{
  "random_forest": {
    "train_r2": 0.9941133668193086,
    "test_r2": 0.9375219400584429,
    "train_rmse": 0.17400882965618977,
    "test_rmse": 0.48197621465939006,
    "train_mae": 0.10017022646552744,
    "test_mae": 0.3315184053179593
  },
  "xgboost": {
    "train_r2": 0.9999974212442087,
    "test_r2": 0.8376471760206095,
    "train_rmse": 0.003642024870750492,
    "test_rmse": 0.7769476588402081,
    "train_mae": 0.0011311892953849384,
    "test_mae": 0.4130382494807254
  },
  "neural_net": {
    "train_r2": 0.999800438075171,
    "test_r2": 0.7107492676230376,
    "train_rmse": 0.032038829488623174,
    "test_rmse": 1.0370485113341845,
    "train_mae": 0.017959306366527816,
    "test_mae": 0.7462872591619073
  }
}